restaurant_id,name,description,pricing,cuisine_type,source_city,cover_url,logo_url
f7eb7e59-0b4f-4d59-bb67-16a51a74da7f,Arax,Premium Middle Eastern cuisine specializing in succulent chicken and meat dishes.,৳৳৳,"Chicken, Middle Eastern, Meat",Dhaka - Gulshan,https://images.deliveryhero.io/image/fd-bd/LH/a8kg-listing.jpg,https://images.deliveryhero.io/image/fd-bd/bd-logos/cr8iu-logo.jpg
3154e198-a01b-44e1-ac7b-35667d233fa5,Shawarma House - Banani,A Banani staple for juicy shawarmas and lightning-fast Mediterranean bites.,৳৳৳,"Middle Eastern, Shawarma, Fast Food",Dhaka - Gulshan,https://images.deliveryhero.io/image/fd-bd/LH/s2je-listing.jpg,https://images.deliveryhero.io/image/fd-bd/bd-logos/ch6un-logo.jpg
fc44b4e3-8b67-44e3-931a-ea02d2cbb808,Bella Italia - Gulshan,Elegant Mediterranean dining featuring artisanal pizzas and Western favorites.,৳৳৳,"Italian, Mediterranean, Pizza, Western, Fast Food",Dhaka - Gulshan,https://images.deliveryhero.io/image/fd-bd/LH/s4ax-listing.jpg,https://images.deliveryhero.io/image/fd-bd/bd-logos/cp8qx-logo.jpg
146b6dff-1536-46bc-bc93-19b9b4c7b6be,Burger Xpress - Banani,"No-nonsense, high-quality Western burgers for the fast-paced foodie.",৳৳,"Burgers, Western, Fast Food",Dhaka - Gulshan,https://images.deliveryhero.io/image/fd-bd/LH/vyi8-listing.jpg,https://images.deliveryhero.io/image/fd-bd/bd-logos/cs8ya-logo.jpg
de790ce1-8ac3-47e4-ae01-c2753d88880b,Chillox - Banani,The local legend for juicy burgers and casual Western-style hangouts.,৳৳,"Iftar, Burgers, Western, Fast Food",Dhaka - Gulshan,https://images.deliveryhero.io/image/fd-bd/LH/s4ru-listing.jpg,https://images.deliveryhero.io/image/fd-bd/bd-logos/ch6kt-logo.jpg
94524a58-780f-45fc-b984-847dc2fcb8a1,Madchef - Banani,Experimental and gourmet burgers that push the boundaries of fast food.,৳৳৳,"Burgers, Western, Fast Food",Dhaka - Gulshan,https://images.deliveryhero.io/image/fd-bd/LH/ce2hc-listing.jpg,https://images.deliveryhero.io/image/fd-bd/bd-logos/ce2hc-logo.jpg
c1451325-8a19-4f32-a606-e7694dd81e70,Takeout - Banani,Famous for their signature burgers and bustling urban vibe.,৳৳,"Iftar, Burgers, Western, Fast Food",Dhaka - Gulshan,https://images.deliveryhero.io/image/fd-bd/LH/s7zs-listing.jpg,https://images.deliveryhero.io/image/fd-bd/bd-logos/ca3ho-logo.jpg
06272eb4-13ca-4123-8b0c-3167fc810996,Best Fried Chicken (BFC) - Banani,Bangladesh's homegrown answer to premium fried chicken and burgers.,৳৳,"Chicken, Meat, Burgers, Western, Fast Food, Fried Chicken",Dhaka - Gulshan,https://images.deliveryhero.io/image/fd-bd/LH/u6ys-hero.jpg,https://images.deliveryhero.io/image/fd-bd/bd-logos/cz2vz-logo.jpg
ab0952d5-8f6e-489e-9a8b-719130952f8d,Cheez - Banani,A cheese-lover's paradise featuring Italian pizzas and Mediterranean sides.,৳৳৳,"Italian, Mediterranean, Pizza, Western",Dhaka - Gulshan,https://images.deliveryhero.io/image/fd-bd/LH/cp6ts-listing.jpg,https://images.deliveryhero.io/image/fd-bd/bd-logos/cp6ts-logo.jpg
1e524488-2313-4422-9f74-ade7bb45bac9,KFC Banani,The global standard for finger-lickin' good fried chicken.,৳৳৳,"Chicken, Iftar, Seheri, Meat, Burgers, Western, Fast Food, Fried Chicken",Dhaka - Gulshan,https://images.deliveryhero.io/image/fd-bd/LH/s4hz-hero.jpg,https://images.deliveryhero.io/image/fd-bd/bd-logos/cs8gf-logo.jpg
9c27c04f-7e13-40ed-9990-27bb08fbac85,Dhaba Banani,Vibrant Indian street food vibes with incredible Doi and curry.,৳৳৳,"Curry, Iftar, Indian, Doi, Asian, Fast Food",Dhaka - Gulshan,https://images.deliveryhero.io/image/fd-bd/LH/s6kj-hero.jpg,https://images.deliveryhero.io/image/fd-bd/bd-logos/cs6mx-logo.jpg
e9675cb1-0b4c-484c-9697-c488da2e5f8d,Dekchi,Traditional Turkish and Indian fusion served with a modern twist.,৳৳,"Turkish, Kebab, Middle Eastern, Indian, Biryani, Asian",Dhaka - Gulshan,https://images.deliveryhero.io/image/fd-bd/LH/lbnb-listing.jpg,https://images.deliveryhero.io/image/fd-bd/bd-logos/ca9tl-logo.jpg
1139454f-5d05-4ce4-a2f8-8cf5b1522450,Tarka - Grand Iftar Bazar,Bold Turkish kebabs and creamy Doi for a premium Iftar experience.,৳৳৳,"Turkish, Kebab, Snacks, Middle Eastern, Beverage, Iftar, Doi",Dhaka - Gulshan,https://images.deliveryhero.io/image/fd-bd/LH/s5yy-listing.jpg,https://images.deliveryhero.io/image/fd-bd/bd-logos/s5yy-logo.jpg
2a427fdb-d325-4e44-8105-b638750c432f,Turkish Adana Kebab & Restaurant,Specialized Turkish grill house focusing on the authentic Adana style.,৳৳৳,"Turkish, Kebab, Middle Eastern, Fast Food",Dhaka - Gulshan,https://images.deliveryhero.io/image/fd-bd/LH/wkbg-listing.jpg,https://images.deliveryhero.io/image/fd-bd/bd-logos/cf8ty-logo.jpg
f8aefea0-b0dd-4e25-aea9-79bd322a8b2c,Chows,Elegant and authentic Chinese cuisine focusing on traditional flavors and fresh ingredients.,৳৳৳,"Chinese, Asian",Dhaka - Gulshan,https://images.deliveryhero.io/image/fd-bd/LH/s0mi-listing.jpg,https://images.deliveryhero.io/image/fd-bd/bd-logos/cy8oq-logo.jpg
42e4b55e-f74b-4d7e-ba84-495181faf36c,Barcode Cafe - Banani,A trendy urban hangout blending local Tehari favorites with modern Western fast food.,৳৳৳,"Tehari, Beverage, Iftar, Fast Food",Dhaka - Gulshan,https://images.deliveryhero.io/image/fd-bd/LH/s2lh-listing.jpg,https://images.deliveryhero.io/image/fd-bd/bd-logos/co9jz-logo.jpg
3eb6c380-37be-473a-b299-a4c7fc61baaa,Aaheli Kabab & Restaurant,A premium destination for aromatic Indian and Middle Eastern tandoori specialties.,৳৳৳,"Turkish, Kebab, Curry, Middle Eastern, Indian, Asian",Dhaka - Gulshan,https://images.deliveryhero.io/image/fd-bd/LH/s3bp-hero.jpg,https://images.deliveryhero.io/image/fd-bd/bd-logos/ce4wy-logo.jpg
48a4b288-3713-4e5e-b0ca-4e8a7020b9d0,Hakka Dhaka - Banani,"Premier Indo-Chinese fusion serving up the best dumplings, noodles, and spicy soups.",৳৳৳,"Curry, Rice Dishes, Iftar, Seheri, Soups, Noodles, Chinese, Asian, Dumpling",Dhaka - Gulshan,https://images.deliveryhero.io/image/fd-bd/LH/s8mm-listing.jpg,https://images.deliveryhero.io/image/fd-bd/bd-logos/cv8nr-logo.jpg
94920e9e-79c6-441b-aaeb-3b32691a9016,Tri State Eatery - Grand Iftar Bazar (Banani),A diverse menu featuring Turkish grills and traditional Bangladeshi rice dishes.,৳৳৳,"Turkish, Kebab, Tehari, Snacks, Curry, Rice Dishes, Middle Eastern, Iftar, Dessert, Doi",Dhaka - Gulshan,https://images.deliveryhero.io/image/fd-bd/LH/s4es-listing.jpg,https://images.deliveryhero.io/image/fd-bd/bd-logos/s4es-logo.jpg
a16a95e4-026f-4905-8076-a87c53e9e189,Boomers Cafe - Banani,A versatile multi-cuisine hub serving everything from Chinese to Western burgers.,৳৳৳,"Rice Dishes, Beverage, Indian, Dessert, Chinese, Burgers, Western, Asian, Fast Food",Dhaka - Gulshan,https://images.deliveryhero.io/image/fd-bd/LH/s9od-listing.jpg,https://images.deliveryhero.io/image/fd-bd/bd-logos/cs1ux-logo.jpg
e2e9473f-af0f-4b07-8570-9961fe032728,Cheong Shing Chinese Restaurant,"Long-standing favorite for classic, family-style Chinese and Asian curry.",৳৳৳,"Curry, Chinese, Asian",Dhaka - Gulshan,https://images.deliveryhero.io/image/fd-bd/LH/s3mw-listing.JPG,https://images.deliveryhero.io/image/fd-bd/bd-logos/cu9fe-logo.jpg
11ba52cc-f1fc-4bc7-96a0-0c8697360783,Herfy - Banani,High-quality Western-style fast food specializing in premium beef and chicken.,৳৳৳,"Chicken, Meat, Burgers, Western, Fast Food",Dhaka - Gulshan,https://images.deliveryhero.io/image/fd-bd/LH/cz0gg-listing.jpg,https://images.deliveryhero.io/image/fd-bd/bd-logos/cz0gg-logo.jpg
03a4a2ea-6b88-45bf-b5a1-0600a9571e52,Fools Diner,A unique seafood and Japanese-inspired diner offering a fresh Asian perspective.,৳৳৳,"Seafood, Japanese, Asian",Dhaka - Gulshan,https://images.deliveryhero.io/image/fd-bd/LH/s4qu-hero.jpg,https://images.deliveryhero.io/image/fd-bd/bd-logos/cg8lt-logo.jpg
74d8fc38-5e61-4fef-bcbc-6b1f0df4ea0f,Durum (Turkish Doner),Authentic Turkish street wraps focusing on the perfect Doner meat-to-veg ratio.,৳৳৳,"Wraps, Fast Food",Dhaka - Gulshan,https://images.deliveryhero.io/image/fd-bd/LH/e9ri-listing.jpg,https://images.deliveryhero.io/image/fd-bd/bd-logos/ck9sd-logo.jpg
1eefa57e-42f5-406e-8470-c2aef8fe954d,Rosh - Banani Bazar,Traditional dessert specialists focusing on premium sweets and creamy Doi.,৳৳৳,"Iftar, Dessert, Doi, Fast Food",Dhaka - Gulshan,https://images.deliveryhero.io/image/fd-bd/LH/zvpg-listing.jpg,https://images.deliveryhero.io/image/fd-bd/bd-logos/cs9qc-logo.jpg
17bf042f-1b8a-4692-b5eb-4673ee60d8cc,Sausly's Foods - Banani,Quick-service Western deli focusing on sandwiches and sweet treats.,৳৳,"Sandwiches, Dessert, Western, Fast Food",Dhaka - Gulshan,https://images.deliveryhero.io/image/fd-bd/LH/u0eu-listing.jpg,https://images.deliveryhero.io/image/fd-bd/bd-logos/cy5dq-logo.jpg
d353e645-e451-490b-aeb3-2ad2fdb760dd,Shumi's Hot Cake - Banani,A household name for legendary chocolate cakes and a wide variety of baked desserts.,৳৳৳,"Cakes, Dessert, Fast Food",Dhaka - Gulshan,https://images.deliveryhero.io/image/fd-bd/LH/mvlg-listing.jpg,https://images.deliveryhero.io/image/fd-bd/bd-logos/cc7ac-logo.jpg
77386dcc-d2af-4ae3-8492-0bbb87e24e20,Turkish Adana Kebab & Restaurant - Grand Iftar Bazar,Specialists in the authentic Adana style of charcoal-grilled Turkish meat and sweets.,৳৳৳,"Turkish, Kebab, Snacks, Middle Eastern, Jilapi, Iftar, Dessert",Dhaka - Gulshan,https://images.deliveryhero.io/image/fd-bd/LH/s6fm-listing.jpg,https://images.deliveryhero.io/image/fd-bd/bd-logos/s6fm-logo.jpg
7277b727-b0bb-40ad-bcfe-d20ac72f4f4b,Paragon Momo - Banani,The go-to spot for steaming hot Asian momos and flavorful dumplings.,৳,"Snacks, Chinese, Asian, Dumpling",Dhaka - Gulshan,https://images.deliveryhero.io/image/fd-bd/LH/f2y9-listing.jpg,https://images.deliveryhero.io/image/fd-bd/bd-logos/ck8tf-logo.jpg
ffeeb19b-acaf-473c-a7c9-d18d466d44ff,The Coffee Lounge - Banani,A premium urban escape for coffee enthusiasts and late-night Seheri diners.,৳৳৳,"Beverage, Iftar, Seheri, Cafe, Fast Food",Dhaka - Gulshan,https://images.deliveryhero.io/image/fd-bd/LH/u2i3-listing.jpg,https://images.deliveryhero.io/image/fd-bd/bd-logos/u2i3-logo.jpg
9ae48ec5-28bd-4ac1-9e87-552e8053f607,Crisp - Banani,Dedicated to the perfect crunch—specializing in crispy burgers and Western sides.,৳৳,"Burgers, Western, Fast Food",Dhaka - Gulshan,https://images.deliveryhero.io/image/fd-bd/LH/wbfh-listing.jpg,https://images.deliveryhero.io/image/fd-bd/bd-logos/ct1la-logo.jpg
8b563e21-57fa-4955-bd5a-4941d504d72e,Sub Lovers - Banani,Freshly made Western-style sub sandwiches with a variety of gourmet fillings.,৳৳,"Sandwiches, Western, Fast Food",Dhaka - Gulshan,https://images.deliveryhero.io/image/fd-bd/LH/s0fa-listing.jpg,https://images.deliveryhero.io/image/fd-bd/bd-logos/cg7dw-logo.jpg
fcf3d9cc-e824-4d06-b1fe-b64dc2936251,Premium Sweets- Gulshan 2,"An upscale destination for elite Bengali sweets, Turkish kebabs, and luxury Iftar.",৳৳৳,"Turkish, Doi, Bakery, Faluda, Kebab, Tehari, Curry, Rice Dishes, Middle Eastern, Jilapi, Beverage, Iftar, Dessert",Dhaka - Gulshan,https://images.deliveryhero.io/image/fd-bd/LH/s7pr-listing.jpg,https://images.deliveryhero.io/image/fd-bd/bd-logos/cf0qu-logo.jpg
d8b6d55a-39cc-4a20-aff8-8139fdf02179,Puro Pastry & Bakery Banani-WBC,Modern bakery chain known for its consistent quality in cakes and savory pastries.,৳৳,"Cakes, Dessert, Fast Food",Dhaka - Gulshan,https://images.deliveryhero.io/image/fd-bd/LH/ne0t-listing.jpg,https://images.deliveryhero.io/image/fd-bd/bd-logos/cx6az-logo.jpg
a72c1c06-fc74-4f53-91ba-8f26ef632975,Delifrance - Banani,Authentic French bakery experience serving premium pastries and gourmet cafe food.,৳৳৳,"Beverage, Iftar, Dessert, Fast Food",Dhaka - Gulshan,https://images.deliveryhero.io/image/fd-bd/LH/k7tq-listing.jpg,https://images.deliveryhero.io/image/fd-bd/bd-logos/cj8sk-logo.jpg
de8abb84-f9bf-42cc-89b7-72cfeff25141,Kona Cafe,A vibrant cafe atmosphere offering a mix of specialty coffee and popular fast food.,৳৳৳,"Beverage, Cafe, Fast Food",Dhaka - Gulshan,https://images.deliveryhero.io/image/fd-bd/LH/o092-listing.jpg,https://images.deliveryhero.io/image/fd-bd/bd-logos/cy0qq-logo.jpg
8144e5e3-ccda-45de-927e-8302bdea69b8,Secret Recipe Gulshan-2 Flagship,International franchise famous for award-winning cakes and a diverse Western menu.,৳৳৳,"Cakes, Italian, Mediterranean, Soups, Sandwiches, Pizza, Dessert, Burgers, Western, Fast Food",Dhaka - Gulshan,https://images.deliveryhero.io/image/fd-bd/LH/u0xt-listing.jpg,https://images.deliveryhero.io/image/fd-bd/bd-logos/cd5oy-logo.jpg
6035b744-9a68-485d-9025-5260e3834a25,Rabbit Bites,"A playful mix of Asian and Western cuisine, from dumplings to hearty sandwiches.",৳৳৳,"Rice Dishes, Sandwiches, Noodles, Chinese, Western, Asian, Dumpling",Dhaka - Gulshan,https://images.deliveryhero.io/image/fd-bd/LH/z2jg-listing.jpg,https://images.deliveryhero.io/image/fd-bd/bd-logos/z2jg-logo.jpg
4505c62f-dd69-4912-9cd4-4396da1304c3,Gotcha - Art of Tea - Banani,"Modern bubble tea and specialty beverage shop with a focus on the ""art of brewing.""",৳৳,"Beverage, Fast Food",Dhaka - Gulshan,https://images.deliveryhero.io/image/fd-bd/LH/qbyo-listing.jpg,https://images.deliveryhero.io/image/fd-bd/bd-logos/cj5pq-logo.jpg
2f637a78-dff2-4245-898b-dbcd922c2bff,Umai,"High-end Japanese dining focusing on fresh seafood and premium, precision-cut sushi rolls.",৳৳৳,"Sushi, Seafood, Japanese, Asian",Dhaka - Gulshan,https://images.deliveryhero.io/image/fd-bd/LH/s2yd-listing.jpg,https://images.deliveryhero.io/image/fd-bd/bd-logos/ca4uo-logo.jpg
e0fe4729-8b88-4307-b27a-5f33b10e62e6,Bella Italia - Dhanmondi,Elegant Mediterranean dining featuring artisanal pizzas and classic Italian pasta.,৳৳৳,"Italian, Pasta, Mediterranean, Pizza, Western",Dhaka - Dhanmondi,https://images.deliveryhero.io/image/fd-bd/LH/s8mp-listing.jpg,https://images.deliveryhero.io/image/fd-bd/bd-logos/cp8qx-logo.jpg
ce514c82-19e5-4c4b-8ba9-aaecbe1aa696,Redres,A quick-service spot for spicy local curries and popular fast-food favorites.,৳৳,"Curry, Fast Food",Dhaka - Dhanmondi,https://images.deliveryhero.io/image/fd-bd/LH/s6ny-listing.jpg,https://images.deliveryhero.io/image/fd-bd/bd-logos/cp1cc-logo.jpg
422fc353-46b3-4d35-8e27-1187ffdb34b9,Chicken Buzz - Dhanmondi,Dedicated to the perfect crunch—offering crispy fried chicken and Western snacks.,৳৳,"Chicken, Snacks, Iftar, Meat, Western, Fast Food",Dhaka - Dhanmondi,https://images.deliveryhero.io/image/fd-bd/LH/k7s1-listing.jpg,https://images.deliveryhero.io/image/fd-bd/bd-logos/ci8yo-logo.jpg
fa3ca5ed-a845-4513-a119-f64ac2e76ae1,Madchef - Dhanmondi,Experimental gourmet burgers that push the boundaries of traditional fast food.,৳৳৳,"Burgers, Western, Fast Food",Dhaka - Dhanmondi,https://images.deliveryhero.io/image/fd-bd/LH/ce2hc-listing.jpg,https://images.deliveryhero.io/image/fd-bd/bd-logos/ce2hc-logo.jpg
d7aa186a-49c9-46e8-ba50-645341e9b315,Takeout - Dhanmondi,Famous for their signature massive burgers and a bustling urban atmosphere.,৳৳,"Iftar, Burgers, Western, Fast Food",Dhaka - Dhanmondi,https://images.deliveryhero.io/image/fd-bd/LH/s2zn-listing.jpg,https://images.deliveryhero.io/image/fd-bd/bd-logos/ca3ho-logo.jpg
0890dd1d-a1df-4577-b631-f493f7a120c3,Cheez - Dhanmondi,A cheese-lover's paradise featuring artisanal pizzas and Mediterranean-inspired sides.,৳৳৳,"Italian, Mediterranean, Pizza, Western",Dhaka - Dhanmondi,https://images.deliveryhero.io/image/fd-bd/LH/cp6ts-listing.jpg,https://images.deliveryhero.io/image/fd-bd/bd-logos/cp6ts-logo.jpg
9f4f5982-3129-4ced-b3e0-dae2e8d30f31,KFC Dhanmondi,The global standard for finger-lickin' good fried chicken and signature burgers.,৳৳৳,"Chicken, Iftar, Seheri, Meat, Burgers, Western, Fast Food, Fried Chicken",Dhaka - Dhanmondi,https://images.deliveryhero.io/image/fd-bd/LH/s0wl-hero.jpg,https://images.deliveryhero.io/image/fd-bd/bd-logos/cs8gf-logo.jpg
1803e38f-9f3d-4204-8d88-454ce4358966,La Bamba Dhanmondi,"A diverse menu spanning Turkish kebabs, local Tehari, and traditional desserts.",৳৳৳,"Turkish, Kebab, Tehari, Curry, Middle Eastern, Jilapi, Beverage, Iftar, Dessert, Doi, Fast Food",Dhaka - Dhanmondi,https://images.deliveryhero.io/image/fd-bd/LH/s7kn-listing.jpg,https://images.deliveryhero.io/image/fd-bd/bd-logos/cb0or-logo.jpg
07cca2c5-8b41-480e-af47-1370185e29e7,Thai Emerald - Dhanmondi,Vibrant and bold Pan-Asian flavors focusing on authentic Thai spices and curries.,৳৳৳,"Snacks, Curry, Chinese, Asian",Dhaka - Dhanmondi,https://images.deliveryhero.io/image/fd-bd/LH/hxzu-listing.jpg,https://images.deliveryhero.io/image/fd-bd/bd-logos/cw0pc-logo.jpg
894cdbd6-4b8a-41c4-8c0c-ca36b6574b94,Ling Jing Chinese Restaurant- Dhanmondi,"A long-standing favorite for classic, family-style Chinese noodles and soups.",৳৳৳,"Curry, Rice Dishes, Beverage, Soups, Noodles, Chinese, Asian",Dhaka - Dhanmondi,https://images.deliveryhero.io/image/fd-bd/LH/x23p-listing.jpg,https://images.deliveryhero.io/image/fd-bd/bd-logos/ct7eg-logo.jpg
24533ff0-ae7a-4922-b516-f3c1e982a4e0,Best Fried Chicken (BFC) - Keari Plaza,Bangladesh's homegrown hero for premium fried chicken and Western-style burgers.,৳৳,"Chicken, Meat, Burgers, Western, Fast Food, Fried Chicken",Dhaka - Dhanmondi,https://images.deliveryhero.io/image/fd-bd/LH/u7lk-hero.jpg,https://images.deliveryhero.io/image/fd-bd/bd-logos/cz2vz-logo.jpg
1176f5b6-a0d2-4067-a934-dbf83d141890,Diggger - Dhanmondi,A trendy spot for wood-fired pizzas and Mediterranean-inspired Western comfort food.,৳৳,"Snacks, Italian, Mediterranean, Pizza, Western",Dhaka - Dhanmondi,https://images.deliveryhero.io/image/fd-bd/LH/w227-listing.jpg,https://images.deliveryhero.io/image/fd-bd/bd-logos/cp1el-logo.jpg
df423c6e-ddea-4b05-9cc2-d802e6b1edae,Secret Recipe (Flagship) - Dhanmondi,International franchise famous for award-winning cakes and a diverse Western menu.,৳৳৳,"Italian, Beverage, Mediterranean, Soups, Pizza, Dessert, Burgers, Western, Fast Food",Dhaka - Dhanmondi,https://images.deliveryhero.io/image/fd-bd/LH/u2qd-listing.jpg,https://images.deliveryhero.io/image/fd-bd/bd-logos/cd5oy-logo.jpg
feddb663-7d05-41fd-aa7a-fb119affda7e,Pizza Burg - Dhanmondi,Popular for their fusion-style pizzas and massive Mediterranean-inspired sides.,৳৳,"Italian, Iftar, Mediterranean, Pizza, Western",Dhaka - Dhanmondi,https://images.deliveryhero.io/image/fd-bd/LH/s2yh-listing.jpg,https://images.deliveryhero.io/image/fd-bd/bd-logos/cj3jh-logo.jpg
4e58d9f1-7d20-4b2d-896d-c1774f1be248,Hakka Dhaka - Dhanmondi,Premier Indo-Chinese fusion serving the best spicy noodles and dumplings in town.,৳৳৳,"Curry, Rice Dishes, Iftar, Seheri, Soups, Noodles, Chinese, Asian",Dhaka - Dhanmondi,https://images.deliveryhero.io/image/fd-bd/LH/s4lt-listing.jpg,https://images.deliveryhero.io/image/fd-bd/bd-logos/cv8nr-logo.jpg
a70df471-fb40-438b-a994-feb7d582347a,Panda Dumplings- Dhanmondi,"Authentic Asian street food specialists focusing on handmade, steaming momos.",৳৳৳,"Chinese, Asian, Fast Food, Dumpling",Dhaka - Dhanmondi,https://images.deliveryhero.io/image/fd-bd/LH/iz4i-listing.jpg,https://images.deliveryhero.io/image/fd-bd/bd-logos/cu5be-logo.jpg
9d18ba31-75c5-4a08-92d3-0672164db8d0,Boomers Cafe Dhanmondi,A versatile multi-cuisine hub serving everything from Chinese to Western burgers.,৳৳৳,"Ice Cream, Rice Dishes, Beverage, Indian, Dessert, Chinese, Asian, Fast Food",Dhaka - Dhanmondi,https://images.deliveryhero.io/image/fd-bd/LH/s5vb-listing.jpg,https://images.deliveryhero.io/image/fd-bd/bd-logos/cs1ux-logo.jpg
0dd79e4e-dc3b-46a4-a514-5b5fc83b6fdb,Shawarma Damasco - Dhanmondi,Authentic Middle Eastern flavors focusing on traditional Syrian-style shawarmas.,৳৳,"Snacks, Middle Eastern, Shawarma",Dhaka - Dhanmondi,https://images.deliveryhero.io/image/fd-bd/LH/acks-listing.jpg,https://images.deliveryhero.io/image/fd-bd/bd-logos/ck6kl-logo.jpg
5d08be2f-eadc-4040-8d5b-aae8b13daa33,Chillox- Dhanmondi,"The local legend for juicy, affordable burgers and casual Western-style hangouts.",৳৳,"Burgers, Western, Fast Food",Dhaka - Dhanmondi,https://images.deliveryhero.io/image/fd-bd/LH/s4jr-listing.jpg,https://images.deliveryhero.io/image/fd-bd/bd-logos/ch6kt-logo.jpg
633d8e60-7495-46e5-a9de-f07545cc2c6a,Kiyoshi - Dhanmondi,Precision-crafted sushi and Japanese favorites for a refined dining experience.,৳৳৳,"Sushi, Japanese, Asian",Dhaka - Dhanmondi,https://images.deliveryhero.io/image/fd-bd/LH/rh2t-listing.jpg,https://images.deliveryhero.io/image/fd-bd/bd-logos/co9ca-logo.jpg
06d52f0b-68e2-41a1-94df-8297180e7025,Puro Pastry & Bakery -Satmasjid Road,Modern bakery chain known for consistent quality in cakes and savory pastries.,৳৳,"Cakes, Dessert, Fast Food",Dhaka - Dhanmondi,https://images.deliveryhero.io/image/fd-bd/LH/ra54-listing.jpg,https://images.deliveryhero.io/image/fd-bd/bd-logos/cx6az-logo.jpg
0ced374a-79f4-4632-b879-46a909b38bf9,Chunk,"A modern Western-style eatery focusing on ""chunky"" burgers and hearty meat bowls.",৳৳৳,"Chicken, Rice Dishes, Meat, Burgers, Western, Fast Food",Dhaka - Dhanmondi,https://images.deliveryhero.io/image/fd-bd/LH/cm9ui-listing.jpg,https://images.deliveryhero.io/image/fd-bd/bd-logos/cm9ui-logo.jpg
b7332cc8-6c58-4bcb-ab0f-2e7b1c572b23,Rice and Noodle - Dhanmondi,Bringing the best of Pan-Asian cuisine together with authentic Thai and Chinese.,৳৳৳,"Rice Dishes, Seafood, Noodles, Chinese, Asian, Thai",Dhaka - Dhanmondi,https://images.deliveryhero.io/image/fd-bd/LH/uefi-listing.jpg,https://images.deliveryhero.io/image/fd-bd/bd-logos/uefi-logo.jpg
1ba1c955-7e57-4ee5-9978-9b7f20148abe,Rosh - Rupayan Plaza,Traditional dessert specialists focusing on premium Bengali sweets and creamy Doi.,৳৳৳,"Iftar, Dessert, Doi, Fast Food",Dhaka - Dhanmondi,https://images.deliveryhero.io/image/fd-bd/LH/s00k-listing.jpg,https://images.deliveryhero.io/image/fd-bd/bd-logos/cs9qc-logo.jpg
c2f2844e-d1b0-4fd3-8a63-210882749558,Shumi's Hot Cake - Shatmosjid,A household name for legendary chocolate cakes and a wide variety of desserts.,৳৳৳,"Cakes, Dessert, Fast Food",Dhaka - Dhanmondi,https://images.deliveryhero.io/image/fd-bd/LH/fdf4-listing.jpg,https://images.deliveryhero.io/image/fd-bd/bd-logos/cc7ac-logo.jpg
bb6b5c29-6771-4508-bc50-e027e886b344,The Munch Station,A Pan-Asian quick-service spot focusing on noodles and handmade dumplings.,৳৳,"Chinese, Asian, Fast Food, Dumpling",Dhaka - Dhanmondi,https://images.deliveryhero.io/image/fd-bd/LH/t2ml-listing.jpg,https://images.deliveryhero.io/image/fd-bd/bd-logos/cj6mg-logo.jpg
9809af97-b007-4551-8c59-416ad930ea0f,Izakaya - Dhanmondi,"An authentic Japanese ""pub-style"" experience with sushi and grilled specialties.",৳৳৳,"Japanese, Asian",Dhaka - Dhanmondi,https://images.deliveryhero.io/image/fd-bd/LH/cx9no-listing.jpg,https://images.deliveryhero.io/image/fd-bd/bd-logos/cx9no-logo.jpg
e11ea721-5852-4769-b709-9c549d46950e,Alfresco-Dhanmondi,A casual Western-style kitchen serving Italian pasta and Mediterranean favorites.,৳৳৳,"Curry, Italian, Pasta, Mediterranean, Western, Fast Food",Dhaka - Dhanmondi,https://images.deliveryhero.io/image/fd-bd/LH/s9mg-listing.jpg,https://images.deliveryhero.io/image/fd-bd/bd-logos/s9mg-logo.jpg
6af47f70-23a8-4b22-ab2d-63557821d7b5,Herfy - Shimanto Square,High-quality Western fast food specializing in premium beef burgers and chicken.,৳৳৳,"Chicken, Meat, Burgers, Western, Fast Food",Dhaka - Dhanmondi,https://images.deliveryhero.io/image/fd-bd/LH/cz0gg-listing.jpg,https://images.deliveryhero.io/image/fd-bd/bd-logos/cz0gg-logo.jpg
7b34df9d-472a-4a83-8ea7-14438c36593f,The Courtyard at Park Heights,A hidden gem for Western-style chicken and meat dishes in a cozy setting.,৳৳৳,"Chicken, Rice Dishes, Meat, Fast Food",Dhaka - Dhanmondi,https://images.deliveryhero.io/image/fd-bd/LH/u4zo-listing.jpg,https://images.deliveryhero.io/image/fd-bd/bd-logos/cn6uf-logo.jpg
a36b600c-3c97-4536-8829-974dccf5d0fa,Cafe Tawa,A multi-cuisine kitchen blending Turkish grills with traditional local curries.,৳৳,"Turkish, Kebab, Tehari, Curry, Haleem, Middle Eastern, Jilapi, Iftar, Doi, Asian",Dhaka - Dhanmondi,https://images.deliveryhero.io/image/fd-bd/LH/rbiy-listing.jpg,https://images.deliveryhero.io/image/fd-bd/bd-logos/cn9ue-logo.jpg
608474d7-7aa3-4be4-b148-35ac9b938c08,Sufi House - Dhanmondi,A vast menu spanning Turkish kebabs to traditional Indian Haleem and Jilapi.,৳৳৳,"Turkish, Kebab, Tehari, Curry, Rice Dishes, Haleem, Middle Eastern, Jilapi, Iftar, Faluda",Dhaka - Dhanmondi,https://images.deliveryhero.io/image/fd-bd/LH/xgcz-listing.jpg,https://images.deliveryhero.io/image/fd-bd/bd-logos/ct6zq-logo.jpg
299ea863-3983-403e-84f9-ae16e35be52b,TBC Dhanmondi,A modern Asian fusion destination focusing on dumplings and Chinese classics.,৳৳৳,"Japanese, Chinese, Asian, Dumpling",Dhaka - Dhanmondi,https://images.deliveryhero.io/image/fd-bd/LH/s4lh-listing.jpg,https://images.deliveryhero.io/image/fd-bd/bd-logos/cs0yc-logo.jpg
8bfb4621-5da0-456e-8075-6e721f867b53,The Lunch Box,"No-nonsense, high-quality fast food for the office-going and student crowd.",৳৳,Fast Food,Dhaka - Dhanmondi,https://images.deliveryhero.io/image/fd-bd/LH/u9uk-listing.jpg,https://images.deliveryhero.io/image/fd-bd/bd-logos/cg4of-logo.jpg
9a5fa767-26fd-4253-95b9-df3e4487eebc,CP Five Star - Kurban Sunrise Food - Kalabagan,Quick and affordable fried chicken and meat snacks for the busy urbanite.,৳,"Chicken, Meat, Fast Food",Dhaka - Dhanmondi,https://images.deliveryhero.io/image/fd-bd/LH/kmvl-listing.jpg,https://images.deliveryhero.io/image/fd-bd/bd-logos/cx5ht-logo.jpg
71bc5977-e5f1-45e4-9fd4-f5aeff6872b8,Bite's Corn-Dog,Bringing the trendy Asian-style corn dog snack to the heart of Dhanmondi.,৳৳,"Snacks, Bangladeshi, Asian, Fast Food",Dhaka - Dhanmondi,https://images.deliveryhero.io/image/fd-bd/LH/zqlb-listing.jpg,https://images.deliveryhero.io/image/fd-bd/bd-logos/zqlb-logo.jpeg
23a752b8-3ad3-463b-b3a1-bcae63bc23b5,Shad Tehari Ghar,A vast local menu spanning Turkish grills to traditional Indian Biryani.,৳৳৳,"Turkish, Biryani, Kebab, Snacks, Curry, Rice Dishes, Haleem, Middle Eastern, Jilapi, Iftar, Indian, Asian",Dhaka - Dhanmondi,https://images.deliveryhero.io/image/fd-bd/LH/s3kp-listing.jpg,https://images.deliveryhero.io/image/fd-bd/bd-logos/cq5hb-logo.png
81668dae-3a62-4623-be3a-42414349186e,Paragon Momo Agora Satmosjid Road,Reliable Asian momos and dumplings conveniently located for a quick bite.,৳,Fast Food,Dhaka - Dhanmondi,https://images.deliveryhero.io/image/fd-bd/LH/y33d-listing.jpg,https://images.deliveryhero.io/image/fd-bd/bd-logos/ck8tf-logo.jpg
4585394a-f445-46cf-9fd1-2fdaf585f9d4,Bhoj Shobha,Celebrating local flavors with traditional Bangladeshi curries and Iftar treats.,৳৳,"Turkish, Kebab, Curry, Rice Dishes, Haleem, Middle Eastern, Jilapi, Beverage, Iftar, Bangladeshi, Asian",Dhaka - Dhanmondi,https://images.deliveryhero.io/image/fd-bd/LH/x0n2-listing.jpg,https://images.deliveryhero.io/image/fd-bd/bd-logos/x0n2-logo.jpg
912b4449-a5ec-431f-a30f-3870965a6fc6,Habanero,A diverse Western and Asian kitchen serving everything from burgers to dumplings.,৳৳,"Soups, Dessert, Chinese, Burgers, Western, Asian, Fast Food, Dumpling",Dhaka - Dhanmondi,https://images.deliveryhero.io/image/fd-bd/LH/m70b-listing.jpg,https://images.deliveryhero.io/image/fd-bd/bd-logos/m70b-logo.jpg
dcc2e385-ee4f-4068-94ea-fd034faa32b9,Prezzie - Dhanmondi,A stylish cafe experience with premium beverages and popular fast food.,৳৳৳,"Beverage, Cafe, Fast Food",Dhaka - Dhanmondi,https://images.deliveryhero.io/image/fd-bd/LH/y925-listing.jpg,https://images.deliveryhero.io/image/fd-bd/bd-logos/cr0ft-logo.jpg
55a6e7a9-f8c9-408f-9bdc-c3bfef682edf,Bheja Fry,Specialized Turkish grill house known for its unique and bold meat preparations.,৳৳৳,"Turkish, Kebab, Middle Eastern",Dhaka - Dhanmondi,https://images.deliveryhero.io/image/fd-bd/LH/s3et-listing.jpg,https://images.deliveryhero.io/image/fd-bd/bd-logos/co0ol-logo.jpg
9e33b0b4-b8c0-44cd-86fd-ba408c80e17b,WASABI - Jigatola,A modern Asian fusion spot specializing in dumplings and Chinese classics.,৳৳,"Beverage, Chinese, Asian, Dumpling",Dhaka - Dhanmondi,https://images.deliveryhero.io/image/fd-bd/LH/kifo-listing.jpg,https://images.deliveryhero.io/image/fd-bd/bd-logos/ci7al-logo.jpg
e0124a47-c9fa-48f6-a042-d5e721b4c296,Fuoco- Dhanmondi,A fire-focused Italian kitchen serving wood-fired pizzas and fresh pasta.,৳৳,"Italian, Pasta, Mediterranean, Pizza, Western, Fast Food",Dhaka - Dhanmondi,https://images.deliveryhero.io/image/fd-bd/LH/qkk7-listing.jpg,https://images.deliveryhero.io/image/fd-bd/bd-logos/cw0xb-logo.jpg
80a80a60-a103-4885-a571-76a1e3c1c9e8,Pizzaonix,A fusion fast-food hub blending Italian pizzas with Western-style burgers.,৳৳,"Snacks, Italian, Mediterranean, Pizza, Burgers, Western, Fast Food",Dhaka - Dhanmondi,https://images.deliveryhero.io/image/fd-bd/LH/dsww-listing.jpg,https://images.deliveryhero.io/image/fd-bd/bd-logos/dsww-logo.jpg
0f1da6c0-ee8e-4e81-bb4a-265065f6fb3a,Delifrance - Dhanmondi 27,Authentic French bakery experience serving premium pastries and cafe food.,৳৳৳,"Cakes, Beverage, Iftar, Western, Fast Food",Dhaka - Dhanmondi,https://images.deliveryhero.io/image/fd-bd/LH/vei7-listing.jpg,https://images.deliveryhero.io/image/fd-bd/bd-logos/cj8sk-logo.jpg
71741ac4-0905-4317-81ef-ef2b189149ca,Unicafe Restaurant and Fun - Panthapath,A multi-cuisine destination blending Turkish grills with local Iftar favorites.,৳৳৳,"Turkish, Kebab, Rice Dishes, Middle Eastern, Iftar, Doi, Fast Food, Faluda",Dhaka - Dhanmondi,https://images.deliveryhero.io/image/fd-bd/LH/s7hw-listing.jpg,https://images.deliveryhero.io/image/fd-bd/bd-logos/cr7bn-logo.jpg
7c960b83-f9fe-498d-b8e0-63e0d7be0faf,Sausly's Foods - Dhanmondi,Quick-service Western deli focusing on premium sandwiches and Iftar sets.,৳৳,"Chicken, Iftar, Sandwiches, Dessert, Meat, Western, Doi, Fast Food",Dhaka - Dhanmondi,https://images.deliveryhero.io/image/fd-bd/LH/u8bc-listing.jpg,https://images.deliveryhero.io/image/fd-bd/bd-logos/cy5dq-logo.jpg
6a58faea-9639-4fd4-9c11-5838255d38f0,Cafe Appeliano - Dhanmondi,A diverse Mediterranean and Western hub serving everything from pizza to wraps.,৳৳,"Wraps, Italian, Beverage, Mediterranean, Pizza, Burgers, Western, Fast Food",Dhaka - Dhanmondi,https://images.deliveryhero.io/image/fd-bd/LH/olci-listing.jpg,https://images.deliveryhero.io/image/fd-bd/bd-logos/cn4vh-logo.jpg
78fd3f3d-64c1-439f-8e67-20a9d98f4f32,The Pizza Rolla,Artisanal Mediterranean-style pizzas with a focus on perfectly rolled crusts.,৳৳,"Italian, Mediterranean, Pizza, Western, Fast Food",Dhaka - Dhanmondi,https://images.deliveryhero.io/image/fd-bd/LH/u2mp-listing.jpg,https://images.deliveryhero.io/image/fd-bd/bd-logos/cs3wb-logo.jpg
69f9c575-85f2-4727-9479-2fa91e5e879d,Taqueria - Dhanmondi,A unique fusion of Japanese-Asian fast food and refreshing beverages.,৳,"Beverage, Japanese, Asian, Fast Food",Dhaka - Dhanmondi,https://images.deliveryhero.io/image/fd-bd/LH/gc6m-listing.jpg,https://images.deliveryhero.io/image/fd-bd/bd-logos/gc6m-logo.jpg
61d7e939-179b-4e26-b895-e072217d1659,Burger Xpress - Dhanmondi,"No-nonsense, high-quality Western burgers for the fast-paced urbanite.",৳৳,"Burgers, Western, Fast Food",Dhaka - Dhanmondi,https://images.deliveryhero.io/image/fd-bd/LH/s5cj-listing.jpg,https://images.deliveryhero.io/image/fd-bd/bd-logos/cs8ya-logo.jpg
c04ac031-0f4f-4e6b-87a1-533f11281b8e,Fu-Wang Dhanmondi,A long-standing local favorite for Middle Eastern shawarmas and fast food.,৳৳,"Middle Eastern, Shawarma, Fast Food",Dhaka - Dhanmondi,https://images.deliveryhero.io/image/fd-bd/LH/u5sa-listing.jpg,https://images.deliveryhero.io/image/fd-bd/bd-logos/ch1hs-logo.jpg
52584fe8-4574-48be-a8e8-91d4b4f1175b,Grand Prince Thai & Chinese Restaurant - Pallabi,A regal Pan-Asian dining experience focusing on Thai and Chinese classics.,৳৳৳,"Curry, Rice Dishes, Chinese, Asian, Thai",Dhaka - Mirpur,https://images.deliveryhero.io/image/fd-bd/LH/wuce-listing.jpg,https://images.deliveryhero.io/image/fd-bd/bd-logos/cd8ab-logo.jpg
c4247011-0270-443e-882b-5a1252723b3e,Alfresco - Mirpur,A casual Western-style kitchen serving Italian pasta and Mediterranean favorites.,৳৳,"Curry, Italian, Pasta, Mediterranean, Western, Fast Food",Dhaka - Mirpur,https://images.deliveryhero.io/image/fd-bd/LH/wet2-listing.jpg,https://images.deliveryhero.io/image/fd-bd/bd-logos/wet2-logo.jpg
ca8ca8a4-d9ec-4c88-b4d9-265876d2afb3,Chicken Buzz - Mirpur,"The ultimate destination for crispy fried chicken, Western-style burgers, and quick savory snacks.",৳৳,"Chicken, Snacks, Iftar, Meat, Burgers, Western, Fast Food",Dhaka - Mirpur,https://images.deliveryhero.io/image/fd-bd/LH/x8h4-listing.jpg,https://images.deliveryhero.io/image/fd-bd/bd-logos/ci8yo-logo.jpg
0a86fad8-99fd-4c66-9676-c8a6f747beb1,Ling Jing Chinese Restaurant - Mirpur,Long-standing community favorite for classic family-style Chinese dining and spicy curries.,৳৳,"Curry, Chinese, Asian",Dhaka - Mirpur,https://images.deliveryhero.io/image/fd-bd/LH/u1k8-listing.JPG,https://images.deliveryhero.io/image/fd-bd/bd-logos/ct7eg-logo.jpg
81f59f48-1081-4079-8cd9-412deb074e40,Takeout - Mirpur,Iconic burger joint famous for its massive signature builds and high-energy urban vibe.,৳৳,"Iftar, Burgers, Western, Fast Food",Dhaka - Mirpur,https://images.deliveryhero.io/image/fd-bd/LH/u5sk-listing.jpg,https://images.deliveryhero.io/image/fd-bd/bd-logos/ca3ho-logo.jpg
d814e6a7-64ad-49e2-806b-c682457d9458,Shawarma House Mirpur,"Mediterranean fusion hub serving juicy shawarmas, Italian pasta, and Western sides.",৳৳,"Italian, Middle Eastern, Pasta, Shawarma, Mediterranean, Western, Fast Food",Dhaka - Mirpur,https://images.deliveryhero.io/image/fd-bd/LH/s7sk-listing.jpg,https://images.deliveryhero.io/image/fd-bd/bd-logos/ci9tb-logo.jpg
8eb6ddf6-2cbc-4a5d-bf47-5b0bbd3ae692,Best Fried Chicken - Mirpur 12,"Local favorite for consistent, high-quality fried chicken and classic fast-food meals.",৳৳,"Chicken, Meat, Burgers, Western, Fast Food, Fried Chicken",Dhaka - Mirpur,https://images.deliveryhero.io/image/fd-bd/LH/hcfh-listing.jpg,https://images.deliveryhero.io/image/fd-bd/bd-logos/cz2vz-logo.jpg
b650c224-2ffb-4524-9757-99117d020282,Puro Pastry & Bakery - Mirpur 11.5,"Modern bakery chain offering a wide range of consistent, high-quality cakes and snacks.",৳৳,"Cakes, Dessert, Fast Food",Dhaka - Mirpur,https://images.deliveryhero.io/image/fd-bd/LH/iy5l-listing.jpg,https://images.deliveryhero.io/image/fd-bd/bd-logos/cx6az-logo.jpg
36e7a6ec-685e-4e23-b840-911b14f01436,Shumi's Hot Cake - Mirpur,A legendary name for chocolate cakes and traditional baked desserts across Dhaka.,৳৳৳,"Cakes, Dessert, Fast Food",Dhaka - Mirpur,https://images.deliveryhero.io/image/fd-bd/LH/qlw9-listing.jpg,https://images.deliveryhero.io/image/fd-bd/bd-logos/cc7ac-logo.jpg
e9379358-ecb0-4594-adda-24724f54c0ae,KFC Mirpur 12,The international gold standard for finger-lickin' good fried chicken and zinger burgers.,৳৳৳,"Chicken, Iftar, Seheri, Meat, Burgers, Western, Fast Food, Fried Chicken",Dhaka - Mirpur,https://images.deliveryhero.io/image/fd-bd/LH/zgzy-listing.jpg,https://images.deliveryhero.io/image/fd-bd/bd-logos/cs8gf-logo.jpg
9be87620-c7c0-46a2-b532-c167a48c0461,Paragon Momo - Mirpur-11.5 (Meena-Bazar),"Authentic Asian momos and dumplings, perfect for a quick, steaming hot snack.",৳,"Chinese, Asian, Dumpling",Dhaka - Mirpur,https://images.deliveryhero.io/image/fd-bd/LH/p8j6-listing.jpg,https://images.deliveryhero.io/image/fd-bd/bd-logos/ck8tf-logo.jpg
125300c4-28ed-412a-8177-8358dd47f2c4,Hungry Eyes 1 (Mirpur 11 ),Popular local spot for Mediterranean-style pizzas and Western comfort food.,৳৳,"Italian, Mediterranean, Pizza, Western, Fast Food",Dhaka - Mirpur,https://images.deliveryhero.io/image/fd-bd/LH/s0ts-listing.jpg,https://images.deliveryhero.io/image/fd-bd/bd-logos/cd7rl-logo.jpg
ac45dcf5-2d8b-458c-a09d-4fb1a72f64bb,Mithai - Mirpur-11.5,High-end traditional sweets and premium Jilapi for the discerning local palate.,৳৳,"Cakes, Snacks, Jilapi, Iftar, Dessert, Doi, Fast Food",Dhaka - Mirpur,https://images.deliveryhero.io/image/fd-bd/LH/zo4o-listing.jpg,https://images.deliveryhero.io/image/fd-bd/bd-logos/cr6ur-logo.jpg
2edbb710-9846-489d-b6ef-9f13e19f2047,Herfy - Mirpur 12,High-quality Western fast food specializing in premium beef burgers and chicken sides.,৳৳৳,"Chicken, Meat, Burgers, Western, Fast Food",Dhaka - Mirpur,https://images.deliveryhero.io/image/fd-bd/LH/cz0gg-listing.jpg,https://images.deliveryhero.io/image/fd-bd/bd-logos/cz0gg-logo.jpg
ce2f5047-16f5-4b6f-b1a3-74998930e4e0,Chillox - Mirpur 12,Legendary local burger joint known for its juicy patties and casual urban atmosphere.,৳৳,"Burgers, Western, Fast Food",Dhaka - Mirpur,https://images.deliveryhero.io/image/fd-bd/LH/tshe-listing.jpg,https://images.deliveryhero.io/image/fd-bd/bd-logos/ch6kt-logo.jpg
784e09f9-3c66-46cc-bd4d-57b3028de930,IZ Patisserie & Cafe,"Boutique French-style bakery serving high-end pastries, coffee, and elegant sweets.",৳৳৳,"Cakes, Beverage, Sweets, Dessert, Fast Food, Bakery",Dhaka - Mirpur,https://images.deliveryhero.io/image/fd-bd/LH/ilqu-listing.JPG,https://images.deliveryhero.io/image/fd-bd/bd-logos/cw7gs-logo.jpg
23c9bad9-7104-4d71-8c46-44c163b8e58f,Diggger - Mirpur-11,Wood-fired pizza specialist offering a range of Mediterranean and Western favorites.,৳৳,"Snacks, Italian, Mediterranean, Pizza, Western",Dhaka - Mirpur,https://images.deliveryhero.io/image/fd-bd/LH/zxqw-listing.jpg,https://images.deliveryhero.io/image/fd-bd/bd-logos/cp1el-logo.jpg
705e0410-3cc2-4c53-a523-7f007dc42601,Food Engineering - Pallabi,Precision-made Western fast food focusing on quality ingredients and modern taste.,৳৳,"Western, Fast Food",Dhaka - Mirpur,https://images.deliveryhero.io/image/fd-bd/LH/h0jy-listing.jpg,https://images.deliveryhero.io/image/fd-bd/bd-logos/cg7gg-logo.jpg
0f683f44-d312-4979-8055-5c06fa9aa9cb,Pizza Weist - Mirpur11,Dedicated Mediterranean pizza kitchen focusing on artisanal crusts and fresh toppings.,৳৳,"Italian, Mediterranean, Pizza, Western",Dhaka - Mirpur,https://images.deliveryhero.io/image/fd-bd/LH/yss7-listing.jpg,https://images.deliveryhero.io/image/fd-bd/bd-logos/cz9bw-logo.jpg
3f742dea-26b9-452d-9ee9-3807e11d1b6a,Japan Cafe,A serene urban escape serving authentic Japanese tea and East Asian snacks.,৳,"Beverage, Japanese, Asian",Dhaka - Mirpur,https://images.deliveryhero.io/image/fd-bd/LH/yc84-listing.jpg,https://images.deliveryhero.io/image/fd-bd/bd-logos/yc84-logo.jpg
a579feba-37bf-40b0-a285-860228d5405e,PizzaBurg - Pallabi,Famous for their massive fusion pizzas and affordable Mediterranean-inspired sides.,৳৳,"Italian, Iftar, Mediterranean, Pizza, Western",Dhaka - Mirpur,https://images.deliveryhero.io/image/fd-bd/LH/zeh5-listing.jpg,https://images.deliveryhero.io/image/fd-bd/bd-logos/cj3jh-logo.jpg
07401339-6063-475f-8805-88ba08996d7e,Burger Xpress - Mirpur,"No-nonsense Western burgers focused on speed, quality, and classic flavors.",৳৳,"Burgers, Western, Fast Food",Dhaka - Mirpur,https://images.deliveryhero.io/image/fd-bd/LH/n3fm-listing.jpg,https://images.deliveryhero.io/image/fd-bd/bd-logos/cs8ya-logo.jpg
61aa1615-6f0f-4af1-aa7f-917ca6313a3d,The Golden Star Chinese Restaurant,A grand destination for authentic Chinese dining and Pan-Asian curries.,৳৳,"Snacks, Curry, Chinese, Asian",Dhaka - Mirpur,https://images.deliveryhero.io/image/fd-bd/LH/sw2d-listing.jpg,https://images.deliveryhero.io/image/fd-bd/bd-logos/cq4oo-logo.jpg
61a7c817-0c30-42b0-bd8e-c5bf20548cdf,Abesh Hotel & Biryani House- Mirpur-12 Cantonment,"Grand local diner serving Turkish grills, traditional Biryani, and Iftar specialties.",৳৳,"Turkish, Bangladeshi, Doi, Faluda, Kebab, Curry, Rice Dishes, Haleem, Middle Eastern, Jilapi, Iftar, Asian",Dhaka - Mirpur,https://images.deliveryhero.io/image/fd-bd/LH/lpkw-hero.jpg,https://images.deliveryhero.io/image/fd-bd/bd-logos/cj6rz-logo.jpg
e2b8a316-ccea-42db-aa2f-63a69ff4366c,Shawarma Damasco,Authentic Middle Eastern flavors focusing on traditional Syrian-style shawarmas.,৳৳,"Snacks, Middle Eastern, Shawarma",Dhaka - Mirpur,https://images.deliveryhero.io/image/fd-bd/LH/s6cl-hero.jpg,https://images.deliveryhero.io/image/fd-bd/bd-logos/ck6kl-logo.jpg
01fc7764-9f9b-47ea-8726-53b1464921ac,Cheez - Mirpur,A cheese-lover's paradise featuring artisanal pizzas and Mediterranean sides.,৳৳৳,"Italian, Mediterranean, Pizza, Western",Dhaka - Mirpur,https://images.deliveryhero.io/image/fd-bd/LH/cp6ts-listing.jpg,https://images.deliveryhero.io/image/fd-bd/bd-logos/cp6ts-logo.jpg
ba72d071-7cc5-4759-9136-e5d2743bb5b1,Food Expert,Versatile deli offering everything from Middle Eastern wraps to Western burgers.,৳৳,"Wraps, Snacks, Iftar, Sandwiches, Burgers, Western, Fast Food",Dhaka - Mirpur,https://images.deliveryhero.io/image/fd-bd/LH/wgkd-listing.jpg,https://images.deliveryhero.io/image/fd-bd/bd-logos/cf0cd-logo.jpg
2f528ab1-8f87-4f18-93de-59968dd843a7,Coffee Mania,A high-energy cafe serving premium coffee and crispy Western-style chicken snacks.,৳৳,"Chicken, Snacks, Meat, Fast Food",Dhaka - Mirpur,https://images.deliveryhero.io/image/fd-bd/LH/s9vk-listing.jpg,https://images.deliveryhero.io/image/fd-bd/bd-logos/co9mn-logo.jpg
fdc39289-1647-444c-a7e8-816680c9ff4f,Rosh - Mirpur,High-end traditional sweets specialist focusing on premium Iftar and creamy Doi.,৳৳৳,"Iftar, Dessert, Doi, Fast Food",Dhaka - Mirpur,https://images.deliveryhero.io/image/fd-bd/LH/iodx-listing.jpg,https://images.deliveryhero.io/image/fd-bd/bd-logos/cs9qc-logo.jpg
cf59224f-2efe-440c-9ca9-9d333f3218c9,Madchef - Mirpur,Gourmet burger lab known for experimental flavors and high-quality beef patties.,৳৳৳,"Burgers, Western, Fast Food",Dhaka - Mirpur,https://images.deliveryhero.io/image/fd-bd/LH/ce2hc-listing.jpg,https://images.deliveryhero.io/image/fd-bd/bd-logos/ce2hc-logo.jpg
ee7ec383-85e9-4cdf-8531-245bd9ffc0f3,Cornucopia,A horn of plenty for lovers of Italian pasta and Mediterranean-style fast food.,৳,"Italian, Pasta, Mediterranean, Western, Fast Food",Dhaka - Mirpur,https://images.deliveryhero.io/image/fd-bd/LH/t9cm-listing.jpg,https://images.deliveryhero.io/image/fd-bd/bd-logos/co0pm-logo.jpg
ea9bd46f-6dd2-4648-9a77-58b101050c8d,Le Delicia - Rupnagar R/A,Boutique bakery and fast-food outlet focused on elegant cakes and quick bites.,৳৳,"Cakes, Fast Food",Dhaka - Mirpur,https://images.deliveryhero.io/image/fd-bd/LH/ly19-listing.jpg,https://images.deliveryhero.io/image/fd-bd/bd-logos/cx8fa-logo.jpg
2dc2f264-828d-4d48-baab-8d8681b7d98a,WASABI - Mirpur 2,Modern Asian kitchen focusing on authentic dumplings and East Asian specialties.,৳৳,"Beverage, Chinese, Asian, Dumpling",Dhaka - Mirpur,https://images.deliveryhero.io/image/fd-bd/LH/gih8-listing.jpg,https://images.deliveryhero.io/image/fd-bd/bd-logos/ci7al-logo.jpg
00c6f52c-232b-4617-adfa-b14ce1e0dcf8,Dekchi - Uttara,Bringing the rich spice profiles of Turkish grills and Indian Biryani to Uttara.,৳৳,"Turkish, Kebab, Curry, Rice Dishes, Middle Eastern, Indian, Biryani, Asian",Dhaka - Uttara,https://images.deliveryhero.io/image/fd-bd/LH/quzt-listing.jpg,https://images.deliveryhero.io/image/fd-bd/bd-logos/ca9tl-logo.jpg
618535a6-c64f-4090-aab7-16a9483efb73,Mithai - Uttara -12,High-end traditional sweets and premium Jilapi for the discerning local palate.,৳৳,"Cakes, Jilapi, Iftar, Dessert, Doi, Fast Food",Dhaka - Uttara,https://images.deliveryhero.io/image/fd-bd/LH/yqg6-listing.jpg,https://images.deliveryhero.io/image/fd-bd/bd-logos/cr6ur-logo.jpg
6c817785-5b57-407d-9164-b9af2fa3e4a5,Multani Dera - Uttara,Bold and aromatic Turkish-Middle Eastern fusion focusing on premium grills.,৳৳৳,"Turkish, Kebab, Curry, Rice Dishes, Middle Eastern, Fast Food",Dhaka - Uttara,https://images.deliveryhero.io/image/fd-bd/LH/km0a-listing.jpg,https://images.deliveryhero.io/image/fd-bd/bd-logos/km0a-logo.jpg
b900562e-605c-47ea-8d2c-25da7b8b8d4c,Paragon Momo - Amana Big Bazar Uttara-12,"Reliable Asian momos and dumplings, perfect for a quick, steaming hot urban snack.",৳,"Chinese, Asian, Dumpling",Dhaka - Uttara,https://images.deliveryhero.io/image/fd-bd/LH/fklg-listing.jpg,https://images.deliveryhero.io/image/fd-bd/bd-logos/ck8tf-logo.jpg
af66afbd-c293-492f-9c64-e12974aeea7d,Best Fried Chicken (BFC) - Uttara Sector 13,Bangladesh's homegrown hero for premium fried chicken and Western-style burgers.,৳৳,"Chicken, Meat, Burgers, Western, Fast Food, Fried Chicken",Dhaka - Uttara,https://images.deliveryhero.io/image/fd-bd/LH/u7ox-hero.jpg,https://images.deliveryhero.io/image/fd-bd/bd-logos/cz2vz-logo.jpg
b75d6c12-3d4f-43ba-8a71-7b9c174c76bd,Chillox - Uttara,Legendary local burger joint known for its juicy patties and high-energy atmosphere.,৳৳,"Burgers, Western, Fast Food",Dhaka - Uttara,https://images.deliveryhero.io/image/fd-bd/LH/s3ac-listing.jpg,https://images.deliveryhero.io/image/fd-bd/bd-logos/ch6kt-logo.jpg
e7a5b7c5-7775-45c8-bae7-f55f95d31af9,Burger Xpress- Uttara,"No-nonsense Western burgers focused on quality, speed, and classic flavor.",৳৳,"Burgers, Western, Fast Food",Dhaka - Uttara,https://images.deliveryhero.io/image/fd-bd/LH/dpzp-listing.jpg,https://images.deliveryhero.io/image/fd-bd/bd-logos/cs8ya-logo.jpg
aaf71f21-91dd-43fe-8853-0fe1890f7b09,Madchef - Uttara,Gourmet burger lab known for experimental flavors and high-quality beef patties.,৳৳৳,"Burgers, Western, Fast Food",Dhaka - Uttara,https://images.deliveryhero.io/image/fd-bd/LH/ce2hc-listing.jpg,https://images.deliveryhero.io/image/fd-bd/bd-logos/ce2hc-logo.jpg
5ec2776e-8c5d-4b3f-890e-06028f4ffb32,Yatai,A refined Asian dining experience focusing on Japanese-style Iftar and Seheri sets.,৳৳৳,"Iftar, Seheri, Japanese, Asian",Dhaka - Uttara,https://images.deliveryhero.io/image/fd-bd/LH/j8u6-listing.jpg,https://images.deliveryhero.io/image/fd-bd/bd-logos/cl9ml-logo.jpg
cba6abe4-66f8-4a58-8277-556b0f78824d,Pizza Burg - Uttara,Famous for their massive fusion pizzas and affordable Mediterranean-inspired sides.,৳৳,"Italian, Iftar, Mediterranean, Pizza, Western",Dhaka - Uttara,https://images.deliveryhero.io/image/fd-bd/LH/s6ko-listing.jpg,https://images.deliveryhero.io/image/fd-bd/bd-logos/cj3jh-logo.jpg
2f469238-b935-45ff-9c7a-c23025b851bb,Takeout - Uttara,Iconic burger joint known for massive signature builds and a bustling urban vibe.,৳৳,"Iftar, Burgers, Western, Fast Food",Dhaka - Uttara,https://images.deliveryhero.io/image/fd-bd/LH/s6iv-listing.jpg,https://images.deliveryhero.io/image/fd-bd/bd-logos/ca3ho-logo.jpg
993ce0d6-368a-499c-b265-019a969b80d3,Herfy - Uttara,High-quality Western fast food specializing in premium beef burgers and chicken.,৳৳৳,"Chicken, Meat, Burgers, Western, Fast Food",Dhaka - Uttara,https://images.deliveryhero.io/image/fd-bd/LH/cz0gg-listing.jpg,https://images.deliveryhero.io/image/fd-bd/bd-logos/cz0gg-logo.jpg
84a992d6-94b5-47e7-b55d-74a6f09aaa53,Rice and Noodle - Uttara,Bringing the best of Pan-Asian cuisine together with authentic Thai and Chinese.,৳৳৳,"Rice Dishes, Seafood, Noodles, Chinese, Asian, Thai",Dhaka - Uttara,https://images.deliveryhero.io/image/fd-bd/LH/s6hq-listing.jpg,https://images.deliveryhero.io/image/fd-bd/bd-logos/s6hq-logo.jpg
e98eb409-129b-4974-8d67-01e80a94dc1d,Alfresco- Uttara,A casual Western-style kitchen serving Italian pasta and Mediterranean favorites.,৳৳৳,"Curry, Italian, Pasta, Mediterranean, Western, Fast Food",Dhaka - Uttara,https://images.deliveryhero.io/image/fd-bd/LH/s2we-listing.jpg,https://images.deliveryhero.io/image/fd-bd/bd-logos/s2we-logo.jpg
9ea39e95-965c-4061-95db-0968e1c1d7e9,Cheez - Uttara,A cheese-lover's paradise featuring artisanal pizzas and Mediterranean-inspired sides.,৳৳৳,"Italian, Mediterranean, Pizza, Western",Dhaka - Uttara,https://images.deliveryhero.io/image/fd-bd/LH/cp6ts-listing.jpg,https://images.deliveryhero.io/image/fd-bd/bd-logos/cp6ts-logo.jpg
9f355791-c69c-4023-9cac-258d7bb0347c,Crisp - Uttara,Dedicated to the perfect crunch—specializing in crispy Western burgers and sides.,৳৳,"Burgers, Western, Fast Food",Dhaka - Uttara,https://images.deliveryhero.io/image/fd-bd/LH/sxmo-listing.jpg,https://images.deliveryhero.io/image/fd-bd/bd-logos/ct1la-logo.jpg
82fd4eb7-9b7b-440f-8096-3c313cc78643,Z Kitchen,Versatile urban kitchen serving Western-style burgers and satisfying rice dishes.,৳৳,"Curry, Rice Dishes, Burgers, Western, Fast Food",Dhaka - Uttara,https://images.deliveryhero.io/image/fd-bd/LH/s5ld-listing.jpg,https://images.deliveryhero.io/image/fd-bd/bd-logos/ce7me-logo.jpg
6a58498b-a46f-461d-ba99-35b0fa8d9672,Delifrance - Uttara,Authentic French bakery experience serving premium pastries and gourmet cafe food.,৳৳৳,"Cakes, Beverage, Iftar, Western, Fast Food",Dhaka - Uttara,https://images.deliveryhero.io/image/fd-bd/LH/voss-listing.jpg,https://images.deliveryhero.io/image/fd-bd/bd-logos/cj8sk-logo.jpg
f449d685-b58c-43b8-a6a8-6dca94e318c1,Momo House - Sector 13,"Handcrafted Asian dumplings and momos served with spicy, authentic sauces.",৳৳৳,"Curry, Rice Dishes, Beverage, Soups, Chinese, Asian, Dumpling",Dhaka - Uttara,https://images.deliveryhero.io/image/fd-bd/LH/u7rr-listing.JPG,https://images.deliveryhero.io/image/fd-bd/bd-logos/cj7ab-logo.jpg
61cdf63d-8eb3-4003-9a00-9182449e47be,Sausly's Foods - Uttara,Quick-service Western deli focusing on premium sandwiches and Iftar sets.,৳৳,"Chicken, Sandwiches, Dessert, Meat, Western, Fast Food",Dhaka - Uttara,https://images.deliveryhero.io/image/fd-bd/LH/u4fr-listing.jpg,https://images.deliveryhero.io/image/fd-bd/bd-logos/cy5dq-logo.jpg
531b1e1e-8761-4ceb-88f9-7eb57121a1dc,Secret Recipe (Standard) - Uttara,International franchise famous for award-winning cakes and a diverse Western menu.,৳৳৳,"Cakes, Italian, Mediterranean, Sandwiches, Pizza, Burgers, Western, Fast Food",Dhaka - Uttara,https://images.deliveryhero.io/image/fd-bd/LH/x3df-listing.jpg,https://images.deliveryhero.io/image/fd-bd/bd-logos/cd5oy-logo.jpg
16cc3ba0-529d-49ab-b64a-fce6f46d097c,Fuoco- Uttara,Fire-focused Italian kitchen serving wood-fired pizzas and fresh Mediterranean mains.,৳৳,"Snacks, Italian, Mediterranean, Pizza, Western, Fast Food",Dhaka - Uttara,https://images.deliveryhero.io/image/fd-bd/LH/r3bf-listing.jpg,https://images.deliveryhero.io/image/fd-bd/bd-logos/cw0xb-logo.jpg
bb21fc68-730d-4e84-bc50-d9f82c304c90,WASABI - Uttara,Modern Asian kitchen focusing on authentic dumplings and Chinese specialties.,৳৳,"Snacks, Chinese, Asian, Dumpling",Dhaka - Uttara,https://images.deliveryhero.io/image/fd-bd/LH/nf8u-listing.jpg,https://images.deliveryhero.io/image/fd-bd/bd-logos/ci7al-logo.jpg
4822b094-d6f7-4088-b88f-ac842c38a760,Khatir,A friendly Asian-fusion spot focusing on traditional curries and fast-food bites.,৳৳,"Curry, Asian, Fast Food",Dhaka - Uttara,https://images.deliveryhero.io/image/fd-bd/LH/s2eb-listing.jpg,https://images.deliveryhero.io/image/fd-bd/bd-logos/cg5kn-logo.jpg
bec57231-33d0-4dff-8493-a73fd687bfea,Indulge - Uttara,Boutique dessert destination focused on indulgent sweets and quick fast-food treats.,৳৳,"Dessert, Fast Food",Dhaka - Uttara,https://images.deliveryhero.io/image/fd-bd/LH/avrd-listing.jpg,https://images.deliveryhero.io/image/fd-bd/bd-logos/cp1wq-logo.jpg
baada7ec-9fc4-41f2-ab1d-315793d18ce6,CP Five Star- Simi Food -2,Reliable and quick snacks featuring premium processed chicken and meat bites.,৳,"Chicken, Snacks, Meat, Fast Food",Dhaka - Uttara,https://images.deliveryhero.io/image/fd-bd/LH/wiat-listing.jpg,https://images.deliveryhero.io/image/fd-bd/bd-logos/cx5ht-logo.jpg
3806eb24-3826-4741-b616-00461ddc5c64,Bella Italia - Uttara,Elegant Mediterranean dining featuring artisanal pizzas and classic Italian pasta.,৳৳৳,"Italian, Pasta, Mediterranean, Pizza, Western",Dhaka - Uttara,https://images.deliveryhero.io/image/fd-bd/LH/l6iw-listing.jpg,https://images.deliveryhero.io/image/fd-bd/bd-logos/cp8qx-logo.jpg
7b0885d6-c898-480e-a2d1-34aa4774156c,La Bamba-HQ (Restaurant),The flagship multi-cuisine destination spanning Turkish grills to local rice favorites.,৳৳৳,"Turkish, Kebab, Tehari, Curry, Middle Eastern, Jilapi, Beverage, Iftar, Dessert, Doi, Fast Food",Dhaka - Uttara,https://images.deliveryhero.io/image/fd-bd/LH/s8lt-listing.jpg,https://images.deliveryhero.io/image/fd-bd/bd-logos/cb0or-logo.jpg
75b73ab0-1a86-40b0-81a7-bc5575c73f32,Puro Pastry & Bakery - Uttara11,"Modern bakery chain offering consistent, high-quality cakes and savory pastries.",৳৳,"Cakes, Dessert, Fast Food",Dhaka - Uttara,https://images.deliveryhero.io/image/fd-bd/LH/z1ec-listing.jpg,https://images.deliveryhero.io/image/fd-bd/bd-logos/cx6az-logo.jpg
b8fdfe72-58c7-457d-933a-3c87c953e29b,Japanese Restaurant Takumi - Uttara,Authentic Japanese kitchen bringing the refined flavors of Tokyo to Uttara.,৳৳৳,"Japanese, Asian",Dhaka - Uttara,https://images.deliveryhero.io/image/fd-bd/LH/yb3r-listing.jpg,https://images.deliveryhero.io/image/fd-bd/bd-logos/ca8np-logo.jpg
1503aed0-625b-470d-aec2-05055125c26b,90's Dhaka,Nostalgic local flavors meets modern fast food for a satisfying urban meal.,৳৳৳,"Rice Dishes, Fast Food",Dhaka - Uttara,https://images.deliveryhero.io/image/fd-bd/LH/eku5-listing.jpg,https://images.deliveryhero.io/image/fd-bd/bd-logos/cs3mi-logo.jpg
29e0ca72-8d93-4df4-9717-0c77ede86181,Two spoons,A modern Western-style eatery focusing on quality burgers and quick urban bites.,৳৳৳,"Western, Fast Food",Dhaka - Uttara,https://images.deliveryhero.io/image/fd-bd/LH/cf65-listing.jpg,https://images.deliveryhero.io/image/fd-bd/bd-logos/cf65-logo.jpg
76586ef6-19ec-4383-ac8a-79b1e57d9fbd,Le Delicia - Uttara 11,Boutique bakery and fast-food outlet focused on elegant cakes and quick snacks.,৳৳,"Cakes, Fast Food",Dhaka - Uttara,https://images.deliveryhero.io/image/fd-bd/LH/duj8-listing.jpg,https://images.deliveryhero.io/image/fd-bd/bd-logos/cx8fa-logo.jpg
cf9fb274-592e-4ea2-b91a-37a509aa1deb,Shawarma Damasco Uttara,Authentic Middle Eastern flavors focusing on traditional Syrian-style shawarmas.,৳৳,"Snacks, Middle Eastern, Shawarma",Dhaka - Uttara,https://images.deliveryhero.io/image/fd-bd/LH/t7ug-listing.jpg,https://images.deliveryhero.io/image/fd-bd/bd-logos/ck6kl-logo.jpg
e970e863-6fe0-44e4-af39-f0de65e1458c,Thai Emerald - Uttara,Vibrant and bold Pan-Asian flavors focusing on authentic Thai spices and curries.,৳৳৳,"Curry, Chinese, Asian",Dhaka - Uttara,https://images.deliveryhero.io/image/fd-bd/LH/s2ph-listing.jpg,https://images.deliveryhero.io/image/fd-bd/bd-logos/cw0pc-logo.jpg
82e770e8-91b2-4a90-bc95-9231378874f8,Burgerography Uttara,"Where burger-making is an art form, featuring artisanal Western builds and pasta.",৳,"Italian, Pasta, Mediterranean, Sandwiches, Burgers, Western, Fast Food",Dhaka - Uttara,https://images.deliveryhero.io/image/fd-bd/LH/bymi-listing.jpg,https://images.deliveryhero.io/image/fd-bd/bd-logos/cx2lt-logo.jpg
39096fc6-6a42-41e4-b6b4-935ef30bdc1e,JHAL - Sector 14,A spicy local spot focusing on traditional rice dishes and authentic urban snacks.,৳,"Rice Dishes, Beverage, Iftar, Doi, Fast Food",Dhaka - Uttara,https://images.deliveryhero.io/image/fd-bd/LH/nmn7-listing.jpg,https://images.deliveryhero.io/image/fd-bd/bd-logos/nmn7-logo.jpg
86774c35-d040-48d5-bb14-3b61671ffa98,Premium Sweets- Uttara,An upscale destination for elite Bengali sweets and luxury multicultural catering.,৳৳৳,"Turkish, Doi, Bakery, Faluda, Kebab, Tehari, Curry, Rice Dishes, Middle Eastern, Jilapi, Beverage, Iftar, Dessert",Dhaka - Uttara,https://images.deliveryhero.io/image/fd-bd/LH/s9sv-listing.jpg,https://images.deliveryhero.io/image/fd-bd/bd-logos/cf0qu-logo.jpg
430fec8b-0e90-4f73-8ee3-87e1241f2857,Hungry Spicy,Satisfying late-night cravings with spicy Seheri deals and urban fast food.,৳৳,"Seheri, Fast Food",Dhaka - Uttara,https://images.deliveryhero.io/image/fd-bd/LH/bt4r-listing.jpeg,https://images.deliveryhero.io/image/fd-bd/bd-logos/bt4r-logo.jpeg
0b42a3d1-7753-4a08-87fd-89c0f0b94b82,Shawarma House Uttara,Authentic Middle Eastern grill house specializing in juicy shawarmas and fast food.,৳৳৳,"Middle Eastern, Shawarma, Western, Fast Food",Dhaka - Uttara,https://images.deliveryhero.io/image/fd-bd/LH/s0ny-listing.jpg,https://images.deliveryhero.io/image/fd-bd/bd-logos/s0ny-logo.jpg
773aab3a-7045-474b-a2de-f6ce4475c8ab,Khanas Uttara Flagship,Trendy urban hub famous for heavy-duty Western burgers and premium fast food.,৳৳,"Burgers, Western, Fast Food",Dhaka - Uttara,https://images.deliveryhero.io/image/fd-bd/LH/bhlp-listing.jpg,https://images.deliveryhero.io/image/fd-bd/bd-logos/cm8re-logo.jpg
db4dbf52-4043-4b30-930a-4c0692e920b3,Mr. Pizza,Mediterranean pizza specialist focusing on extra-crispy crusts and premium meat toppings.,৳৳,"Chicken, Snacks, Italian, Mediterranean, Pizza, Meat, Western, Fast Food",Dhaka - Uttara,https://images.deliveryhero.io/image/fd-bd/LH/t3da-listing.jpg,https://images.deliveryhero.io/image/fd-bd/bd-logos/co9mk-logo.jpg
f479a29a-5abf-4994-bde4-e3bf91abcb8f,KOZO,High-end Middle Eastern and Turkish grills served in a sophisticated urban setting.,৳৳৳,"Turkish, Kebab, Middle Eastern",Dhaka - Uttara,https://images.deliveryhero.io/image/fd-bd/LH/s5ug-listing.jpg,https://images.deliveryhero.io/image/fd-bd/bd-logos/s5ug-logo.jpg
51269a5f-64f8-4a6e-9d8b-56cb22776963,Fresh Pizza,Mediterranean pizza kitchen offering artisanal dough and a variety of Western sides.,৳৳,"Snacks, Italian, Beverage, Mediterranean, Sandwiches, Pizza, Western",Dhaka - Uttara,https://images.deliveryhero.io/image/fd-bd/LH/t4lb-listing.jpg,https://images.deliveryhero.io/image/fd-bd/bd-logos/ca8eg-logo.jpg
e1673e4d-3c48-4cf0-9d29-3f88576a541d,Sumo Sushi,"Refined Japanese and Korean dining focusing on premium, precision-cut sushi.",৳৳৳,"Sushi, Japanese, Korean, Asian",Dhaka - Uttara,https://images.deliveryhero.io/image/fd-bd/LH/s1xg-listing.jpg,https://images.deliveryhero.io/image/fd-bd/bd-logos/s1xg-logo.jpg
bc2ff921-2163-4597-a34f-dcf5dd5041bd,Shumi's Hot Cake - Uttara -7,A legendary name for Dhaka's favorite chocolate cakes and baked desserts.,৳৳৳,"Cakes, Dessert, Fast Food",Dhaka - Uttara,https://images.deliveryhero.io/image/fd-bd/LH/svdn-listing.jpg,https://images.deliveryhero.io/image/fd-bd/bd-logos/cc7ac-logo.jpg
1f12675e-e40c-4cee-8745-616d47e52893,Golden Pizza - Sector 3,Mediterranean pizza outlet also offering artisanal Italian pasta and Western burgers.,৳৳,"Italian, Pasta, Beverage, Mediterranean, Pizza, Burgers, Western",Dhaka - Uttara,https://images.deliveryhero.io/image/fd-bd/LH/cr5vx-listing.jpeg,https://images.deliveryhero.io/image/fd-bd/bd-logos/cr5vx-logo.jpeg
a19ffb4a-2939-4a27-ae64-01faad7e3b63,Kabab Factory - Uttara,An unlimited experience of authentic Middle Eastern and Turkish grilled kebabs.,৳৳৳,"Turkish, Kebab, Middle Eastern",Dhaka - Uttara,https://images.deliveryhero.io/image/fd-bd/LH/s7kj-listing.jpg,https://images.deliveryhero.io/image/fd-bd/bd-logos/cz6rj-logo.jpg
b59c7013-684c-4b7e-b858-f1dc36b21484,Golden Rice,Fast and reliable kitchen focused on satisfying local rice dishes and fast food.,৳৳,"Curry, Rice Dishes, Fast Food",Dhaka - Uttara,https://images.deliveryhero.io/image/fd-bd/LH/z4qs-listing.jpg,https://images.deliveryhero.io/image/fd-bd/bd-logos/cp6tm-logo.jpg
55b30f1f-3ba9-4d13-994b-9228eefe171b,Kiyoshi - Uttara,Precision-crafted sushi and Japanese favorites for a refined dining experience.,৳৳৳,"Sushi, Japanese, Asian",Dhaka - Uttara,https://images.deliveryhero.io/image/fd-bd/LH/n1co-listing.png,https://images.deliveryhero.io/image/fd-bd/bd-logos/co9ca-logo.jpg
3271f310-184d-4e58-897f-76027f8cff7b,Cafe Cino,High-energy urban hub serving aromatic local Tehari and quick fast food.,৳৳৳,"Tehari, Iftar, Fast Food",Dhaka - Uttara,https://images.deliveryhero.io/image/fd-bd/LH/scgo-listing.jpg,https://images.deliveryhero.io/image/fd-bd/bd-logos/cs0cl-logo.jpg
7ef1fff4-e598-45ea-8c9d-f62d98110a9c,New Chun-Ji Chinese And Thai Restaurant - Shantinagar,Sophisticated Pan-Asian dining specializing in authentic Chinese and Thai classics.,৳৳৳,"Snacks, Curry, Rice Dishes, Soups, Chinese, Asian",Dhaka - Motijheel,https://images.deliveryhero.io/image/fd-bd/LH/t2aj-hero.jpg,https://images.deliveryhero.io/image/fd-bd/bd-logos/cp2to-logo.jpg
7be6cd90-cc67-4bd6-a6d3-51b1597e9ea2,Cheez - Bailey Road,A cheese-lover's paradise featuring artisanal pizzas and Mediterranean-inspired sides.,৳৳৳,"Italian, Mediterranean, Pizza, Western",Dhaka - Motijheel,https://images.deliveryhero.io/image/fd-bd/LH/cp6ts-listing.jpg,https://images.deliveryhero.io/image/fd-bd/bd-logos/cp6ts-logo.jpg
b5bef36a-f842-45de-b9c1-2898989b7465,AlKaderia Express,Fast and flavorful Indian-Asian fusion focused on aromatic traditional curries.,৳৳৳,"Curry, Asian, Fast Food",Dhaka - Motijheel,https://images.deliveryhero.io/image/fd-bd/LH/s0sg-listing.jpg,https://images.deliveryhero.io/image/fd-bd/bd-logos/cg4la-logo.jpg
4d2ffdf8-541e-45ff-b72d-98545ade7769,Uyghur,Authentic Central Asian flavors focusing on unique spices and traditional Chinese-Asian snacks.,৳৳৳,"Snacks, Chinese, Asian",Dhaka - Motijheel,https://images.deliveryhero.io/image/fd-bd/LH/wq55-listing.jpg,https://images.deliveryhero.io/image/fd-bd/bd-logos/ce1vp-logo.jpg
883da8c6-f531-4213-a31e-e555eeab7e4d,Pizzaburg Baily Road,Famous for their massive fusion pizzas and affordable Mediterranean-inspired sides.,৳৳,"Italian, Iftar, Mediterranean, Pizza, Western",Dhaka - Motijheel,https://images.deliveryhero.io/image/fd-bd/LH/ks5r-listing.jpg,https://images.deliveryhero.io/image/fd-bd/bd-logos/cj3jh-logo.jpg
b17f1674-be89-45b9-a1d1-2c7021f02e61,Secret Recipe (Standard) - Shantinagar,International franchise famous for award-winning cakes and a diverse Western menu.,৳৳৳,"Cakes, Italian, Mediterranean, Soups, Sandwiches, Pizza, Burgers, Western, Fast Food",Dhaka - Motijheel,https://images.deliveryhero.io/image/fd-bd/LH/u4jt-listing.jpg,https://images.deliveryhero.io/image/fd-bd/bd-logos/cd5oy-logo.jpg
c3980986-c636-4020-81de-848fcad33f7a,KFC Paltan,International gold standard for finger-lickin' good fried chicken and zinger burgers.,৳৳৳,"Chicken, Iftar, Seheri, Meat, Burgers, Western, Fast Food, Fried Chicken",Dhaka - Motijheel,https://images.deliveryhero.io/image/fd-bd/LH/s5ab-hero.jpg,https://images.deliveryhero.io/image/fd-bd/bd-logos/cs8gf-logo.jpg
2e792eb9-4aa6-497b-93d1-923467e9716c,Shawarma House Paltan,Mediterranean grill house specializing in authentic Middle Eastern shawarmas.,৳৳,"Middle Eastern, Shawarma",Dhaka - Motijheel,https://images.deliveryhero.io/image/fd-bd/LH/s9tv-listing.jpg,https://images.deliveryhero.io/image/fd-bd/bd-logos/cn8wr-logo.jpg
64acbc77-f1c0-4593-9ada-912074fa7d94,Burger Xpress- Baily Road,"No-nonsense Western burgers focused on quality, speed, and classic flavor.",৳৳,"Burgers, Western, Fast Food",Dhaka - Motijheel,https://images.deliveryhero.io/image/fd-bd/LH/s1tl-listing.jpg,https://images.deliveryhero.io/image/fd-bd/bd-logos/cs8ya-logo.jpg
310c93cb-8d2b-4b33-bb18-3bebdd724a2f,Best Fried Chicken (BFC) - Baily Road,Bangladesh's homegrown hero for premium fried chicken and Western-style burgers.,৳৳,"Chicken, Meat, Burgers, Western, Fast Food, Fried Chicken",Dhaka - Motijheel,https://images.deliveryhero.io/image/fd-bd/LH/u5bt-hero.jpg,https://images.deliveryhero.io/image/fd-bd/bd-logos/cz2vz-logo.jpg
b0690868-efd1-4b57-a50d-12ad5818aebf,The Munch Station - Baily Road,A Pan-Asian quick-service spot focusing on noodles and handmade dumplings.,৳৳,"Chinese, Asian, Fast Food, Dumpling",Dhaka - Motijheel,https://images.deliveryhero.io/image/fd-bd/LH/t3cr-hero.jpg,https://images.deliveryhero.io/image/fd-bd/bd-logos/cj6mg-logo.jpg
70aebe13-1845-4476-b58d-13b41ab0cde2,Chillox - Bailey Road,Legendary local burger joint known for its juicy patties and casual urban atmosphere.,৳৳,"Burgers, Western, Fast Food",Dhaka - Motijheel,https://images.deliveryhero.io/image/fd-bd/LH/phsz-listing.jpg,https://images.deliveryhero.io/image/fd-bd/bd-logos/ch6kt-logo.jpg
e1c0e9fa-a764-4749-a210-9020f3ab9156,Boomers Cafe - Baily Road,Versatile multi-cuisine hub serving everything from Chinese to Western burgers.,৳৳৳,"Ice Cream, Rice Dishes, Beverage, Indian, Dessert, Chinese, Asian, Fast Food",Dhaka - Motijheel,https://images.deliveryhero.io/image/fd-bd/LH/s3hd-listing.jpg,https://images.deliveryhero.io/image/fd-bd/bd-logos/cs1ux-logo.jpg
91cadc1d-cf6e-441c-808a-1385640d24a7,Shumi's Hot Cake - Kakrail,Legendary Dhaka bakery famous for its iconic chocolate cakes and baked desserts.,৳৳৳,"Cakes, Dessert, Fast Food",Dhaka - Motijheel,https://images.deliveryhero.io/image/fd-bd/LH/cc7ac-listing.jpg,https://images.deliveryhero.io/image/fd-bd/bd-logos/cc7ac-logo.jpg
e37be0c2-a4a2-4376-9b75-4d3eee86cecc,Madchef - Bailey Road,Gourmet burger lab known for experimental flavors and high-quality beef patties.,৳৳৳,"Burgers, Western, Fast Food",Dhaka - Motijheel,https://images.deliveryhero.io/image/fd-bd/LH/ce2hc-listing.jpg,https://images.deliveryhero.io/image/fd-bd/bd-logos/ce2hc-logo.jpg
d6d51786-7465-4bff-b3d6-298008fe09ea,Mithai - Paltan,High-end traditional sweets and premium Jilapi for the discerning local palate.,৳৳,"Cakes, Jilapi, Iftar, Dessert, Doi, Fast Food",Dhaka - Motijheel,https://images.deliveryhero.io/image/fd-bd/LH/pmks-listing.jpg,https://images.deliveryhero.io/image/fd-bd/bd-logos/cr6ur-logo.jpg
63bfb867-e55e-4e3b-b9bd-d32a4be7d83d,Puro Pastry & Bakery – Shantinagar,"Modern bakery chain offering consistent, high-quality cakes and savory pastries.",৳৳,"Cakes, Dessert, Fast Food",Dhaka - Motijheel,https://images.deliveryhero.io/image/fd-bd/LH/irxk-listing.jpg,https://images.deliveryhero.io/image/fd-bd/bd-logos/cx6az-logo.jpg
746b5487-0849-401f-93d0-6d0cdcf0ce5e,Bhaat Ghor,Celebrating local heritage with authentic Bangladeshi rice sets and Turkish grills.,৳৳,"Turkish, Kebab, Snacks, Curry, Rice Dishes, Middle Eastern, Beverage, Bangladeshi, Asian",Dhaka - Motijheel,https://images.deliveryhero.io/image/fd-bd/LH/s5xh-listing.jpg,https://images.deliveryhero.io/image/fd-bd/bd-logos/cp2qz-logo.jpg
5de0f33f-27c0-4563-bd1b-f70730a14ee4,Paragon Momo - Agora Segunbaicha,"Reliable Asian momos and dumplings, perfect for a quick, steaming hot urban snack.",৳৳,"Chinese, Asian, Dumpling",Dhaka - Motijheel,https://images.deliveryhero.io/image/fd-bd/LH/tm0i-listing.jpg,https://images.deliveryhero.io/image/fd-bd/bd-logos/ck8tf-logo.jpg
f545be21-3002-4f4f-9f31-ea9fc86d1531,Rosh - New Baily Road,High-end traditional sweets specialist focusing on premium Iftar and creamy Doi.,৳৳৳,"Iftar, Dessert, Doi, Fast Food",Dhaka - Motijheel,https://images.deliveryhero.io/image/fd-bd/LH/cirv-listing.jpg,https://images.deliveryhero.io/image/fd-bd/bd-logos/cs9qc-logo.jpg
ebbd6f2a-1ec4-4b7a-95e5-1750217919f8,Laham Express - Baily Road,Fast-paced Middle Eastern-Turkish grills and quick urban fast-food favorites.,৳৳,"Snacks, Fast Food",Dhaka - Motijheel,https://images.deliveryhero.io/image/fd-bd/LH/wfab-listing.jpg,https://images.deliveryhero.io/image/fd-bd/bd-logos/wfab-logo.jpg
31026089-d931-4697-93b1-cfc96f3b9c36,Sub Lovers - Baily Road,Freshly made Western-style sub sandwiches with a variety of gourmet fillings.,৳৳,"Sandwiches, Western, Fast Food",Dhaka - Motijheel,https://images.deliveryhero.io/image/fd-bd/LH/qiq5-listing.jpg,https://images.deliveryhero.io/image/fd-bd/bd-logos/cg7dw-logo.jpg
4825256a-1d4e-41c0-a904-16c6d404a6f3,Master Chef,Grand multicultural menu spanning Middle Eastern grills to Chinese favorites.,৳৳,"Curry, Rice Dishes, Middle Eastern, Soups, Chinese, Asian, Fast Food",Dhaka - Motijheel,https://images.deliveryhero.io/image/fd-bd/LH/ix6g-listing.jpg,https://images.deliveryhero.io/image/fd-bd/bd-logos/cp7so-logo.jpg
c195bdb3-12c0-4dbe-8220-86b05951bd51,Little Yellow,Chic urban spot focusing on Mediterranean pizzas and Western-style fast food.,৳৳,"Italian, Mediterranean, Pizza, Western, Fast Food",Dhaka - Motijheel,https://images.deliveryhero.io/image/fd-bd/LH/s9wm-listing.jpg,https://images.deliveryhero.io/image/fd-bd/bd-logos/cf9ri-logo.jpg
aa62820f-b5a9-482c-b954-2783a886e457,Holy Fries,The specialist in perfectly seasoned potato fries and creative fast-food toppings.,৳৳,Fast Food,Dhaka - Motijheel,https://images.deliveryhero.io/image/fd-bd/LH/u0pe-listing.jpg,https://images.deliveryhero.io/image/fd-bd/bd-logos/cd3ls-logo.jpg
20e91623-cae4-44b8-a8d5-03bf777b7bf2,Crisp - Wari,Dedicated to the perfect crunch—specializing in crispy Western burgers and fast food.,৳৳,"Burgers, Western, Fast Food",Dhaka - Motijheel,https://images.deliveryhero.io/image/fd-bd/LH/fdb9-listing.jpg,https://images.deliveryhero.io/image/fd-bd/bd-logos/ct1la-logo.jpg
fa431608-86fb-4048-bf50-01e0acfe8cdf,Sara Pizza- Khilgaon,Artisanal Mediterranean pizzas featuring fresh toppings and traditional crusts.,৳৳,"Italian, Iftar, Mediterranean, Western",Dhaka - Motijheel,https://images.deliveryhero.io/image/fd-bd/LH/sava-listing.jpg,https://images.deliveryhero.io/image/fd-bd/bd-logos/cw8qt-logo.jpg
dadb0993-b045-4587-8e05-a022cf68710f,PizzJuice,"Trendy urban spot for Mediterranean pizzas, Italian pasta, and fresh fruit juices.",৳৳,"Snacks, Italian, Pasta, Mediterranean, Pizza, Western",Dhaka - Motijheel,https://images.deliveryhero.io/image/fd-bd/LH/twni-listing.jpg,https://images.deliveryhero.io/image/fd-bd/bd-logos/twni-logo.jpg
58679a8b-d125-45f8-9488-99a006c1bdf5,Takeout - Ramna,Iconic burger joint known for massive signature builds and a bustling atmosphere.,৳৳,"Iftar, Burgers, Western, Fast Food",Dhaka - Motijheel,https://images.deliveryhero.io/image/fd-bd/LH/s2ib-listing.jpg,https://images.deliveryhero.io/image/fd-bd/bd-logos/ca3ho-logo.jpg
f9d1df89-dcc4-4fe1-b99c-c225e523aafc,Burgerology Wari,"Where burger-making is an art form, featuring artisanal Western builds and fast food.",৳৳,"Burgers, Western, Fast Food",Dhaka - Motijheel,https://images.deliveryhero.io/image/fd-bd/LH/t8cj-listing.jpg,https://images.deliveryhero.io/image/fd-bd/bd-logos/cf1az-logo.jpg
4f8b2a09-e388-44fd-b2ab-bb24e102402a,Fuoco - Wari,Fire-focused Italian kitchen serving wood-fired pizzas and fresh pasta mains.,৳৳,"Italian, Pasta, Mediterranean, Pizza, Western, Fast Food",Dhaka - Motijheel,https://images.deliveryhero.io/image/fd-bd/LH/zw0v-listing.jpg,https://images.deliveryhero.io/image/fd-bd/bd-logos/cw0xb-logo.jpg
05ec6514-4c18-4780-9415-9545c9bafd23,Momo Xpress - Bailey Road,"Authentic Asian momos and dumplings, perfect for a quick, steaming hot urban snack.",৳৳,"Chinese, Asian, Dumpling",Dhaka - Motijheel,https://images.deliveryhero.io/image/fd-bd/LH/kuo3-listing.jpg,https://images.deliveryhero.io/image/fd-bd/bd-logos/kuo3-logo.jpg
a3f7a175-b6fd-42f6-a7b9-7261bd626143,Indulge - Wari,Boutique dessert destination focused on indulgent sweets and specialty urban beverages.,৳৳,"Beverage, Dessert, Fast Food",Dhaka - Motijheel,https://images.deliveryhero.io/image/fd-bd/LH/yvqq-listing.jpg,https://images.deliveryhero.io/image/fd-bd/bd-logos/cp1wq-logo.jpg
8d79aef6-78bd-4079-81c4-574610f1bbc2,Mega69 Cafe,Friendly urban hangout focused on Mediterranean pizzas and Western-style snacks.,৳৳,"Snacks, Italian, Mediterranean, Pizza, Western",Dhaka - Motijheel,https://images.deliveryhero.io/image/fd-bd/LH/p3ts-listing.jpg,https://images.deliveryhero.io/image/fd-bd/bd-logos/p3ts-logo.jpg
8f08d4e2-194e-4986-9b04-d4ba3c996c1a,Khan’s Buzz,Fusion hub blending Mediterranean pizzas with heavy Western-style burgers.,৳৳,"Italian, Mediterranean, Pizza, Burgers, Western, Fast Food",Dhaka - Motijheel,https://images.deliveryhero.io/image/fd-bd/LH/wefm-listing.jpg,https://images.deliveryhero.io/image/fd-bd/bd-logos/wefm-logo.jpg
76275b2b-92b0-457e-8ff0-fcff7b0e5271,Herfy - Khilgaon,High-quality Western fast food specializing in premium beef burgers and chicken.,৳৳৳,"Chicken, Meat, Burgers, Western, Fast Food",Dhaka - Motijheel,https://images.deliveryhero.io/image/fd-bd/LH/cz0gg-listing.jpg,https://images.deliveryhero.io/image/fd-bd/bd-logos/cz0gg-logo.jpg
cea5012a-5fe6-466e-bdb2-5a8eefa04e38,Mr Shawarma,Authentic Middle Eastern shawarma specialist focusing on juicy grilled meats.,৳৳,"Middle Eastern, Shawarma",Dhaka - Motijheel,https://images.deliveryhero.io/image/fd-bd/LH/krl0-listing.jpg,https://images.deliveryhero.io/image/fd-bd/bd-logos/cs8yf-logo.jpg
1c6897b4-6e68-4847-8c57-0153f20c0c3b,Fryzo,high-energy urban spot focused on Mediterranean pizzas and Western-style burgers.,৳৳,"Snacks, Italian, Mediterranean, Pizza, Burgers, Western, Fast Food",Dhaka - Motijheel,https://images.deliveryhero.io/image/fd-bd/LH/tptk-listing.jpeg,https://images.deliveryhero.io/image/fd-bd/bd-logos/tptk-logo.jpeg
fc8ad999-4ce5-4beb-ae97-dc99968f9c75,Mr. Burger - Khilgaon,"No-nonsense Western burgers focused on quality, speed, and classic flavor.",৳৳,"Burgers, Western, Fast Food",Dhaka - Motijheel,https://images.deliveryhero.io/image/fd-bd/LH/s8ez-listing.JPG,https://images.deliveryhero.io/image/fd-bd/bd-logos/cj7zc-logo.jpg
c5b98139-57dc-4348-9b22-67144c827514,Alfresco - Khilgaon,casual Western-style kitchen serving Italian pasta and Mediterranean favorites.,৳৳৳,"Curry, Italian, Pasta, Mediterranean, Western, Fast Food",Dhaka - Motijheel,https://images.deliveryhero.io/image/fd-bd/LH/s2ko-listing.jpg,https://images.deliveryhero.io/image/fd-bd/bd-logos/s2ko-logo.jpg
92ff53f3-b854-4b34-a33a-0b461c996050,Khana's-Wari,trendy urban hub famous for heavy-duty Western burgers and premium fast food.,৳৳,"Burgers, Western, Fast Food",Dhaka - Motijheel,https://images.deliveryhero.io/image/fd-bd/LH/voxh-listing.jpg,https://images.deliveryhero.io/image/fd-bd/bd-logos/cm8re-logo.jpg
9c2c387d-ace8-4074-825c-9f25d4b1524c,Turkey Kebab & Sea Food,"specialist in smoky, authentic Middle Eastern and Turkish grills and curries.",৳৳,"Turkish, Kebab, Curry, Middle Eastern",Dhaka - Motijheel,https://images.deliveryhero.io/image/fd-bd/LH/a0e2-listing.jpg,https://images.deliveryhero.io/image/fd-bd/bd-logos/cm5bf-logo.jpg
cdb056dc-0b79-400b-976a-dc7b10aed750,Cafe Appeliano,Multicultural menu spanning Italian pizza to Middle Eastern wraps and Asian curries.,৳৳,"Wraps, Curry, Rice Dishes, Italian, Beverage, Mediterranean, Pizza, Dessert, Burgers, Western, Fast Food",Dhaka - Motijheel,https://images.deliveryhero.io/image/fd-bd/LH/s3xe-listing.JPG,https://images.deliveryhero.io/image/fd-bd/bd-logos/cn4vh-logo.jpg
6b2497f5-98ef-4900-9f39-85f83886e275,Grand Prince Thai & Chinese Restaurant - Mohammadpur,Regal Pan-Asian dining experience focusing on Thai and Chinese classics.,৳৳৳,"Curry, Rice Dishes, Chinese, Asian, Thai",Dhaka - Mohammadpur,https://images.deliveryhero.io/image/fd-bd/LH/xd67-listing.jpg,https://images.deliveryhero.io/image/fd-bd/bd-logos/cd8ab-logo.jpg
6b1ef29d-3948-47b7-9664-2feda8c69913,Chicken Buzz - Mohammadpur,"Dedicated to the perfect crunch—offering crispy fried chicken, heavy burgers, and quick savory snacks.",৳৳,"Chicken, Snacks, Iftar, Meat, Burgers, Western, Fast Food",Dhaka - Mohammadpur,https://images.deliveryhero.io/image/fd-bd/LH/ylb0-listing.jpg,https://images.deliveryhero.io/image/fd-bd/bd-logos/ci8yo-logo.jpg
